Product_Code,W0,W1,W2,W3,W4,W5,W6,W7,W8,W9,W10
P1,11,12,10,8,13,12,14,21,6,14,11
P2,7,6,3,2,7,1,6,3,3,3,2
P3,7,11,8,9,10,8,7,13,12,6,14
P4,12,8,13,5,9,6,9,13,13,11,8
P5,8,5,13,11,6,7,9,14,9,9,11
P6,3,3,2,7,6,3,8,6,6,3,1
P7,4,8,3,7,8,7,2,3,10,3,5
P8,8,6,10,9,6,8,7,5,10,10,8
P9,14,9,10,7,11,15,12,7,13,12,15
P10,22,19,19,29,20,16,26,20,24,20,31
P11,15,7,15,14,17,7,10,16,11,8,8
P12,3,4,1,6,4,3,7,3,5,3,5
P13,12,10,9,6,10,11,18,8,10,17,11
P14,14,12,9,11,13,12,8,12,13,10,10
P15,19,45,47,42,29,44,43,36,25,52,39
P16,30,27,27,43,29,32,49,41,49,38,42
P17,49,40,40,28,40,47,44,45,39,33,39
P18,40,38,39,38,39,33,28,44,36,36,23
P19,26,31,45,36,31,28,28,34,42,40,43
P20,13,17,11,10,7,11,17,8,12,10,8
P21,12,5,9,8,9,6,10,13,6,12,13
P22,8,14,8,9,17,6,17,15,11,13,9
P23,3,5,4,3,3,2,5,4,5,5,7
P24,36,42,27,33,40,48,38,39,41,39,44
P25,26,28,33,32,20,33,42,29,24,32,45
P26,14,14,9,8,9,7,9,11,10,14,16
P27,44,34,33,39,34,30,47,27,45,39,47
P28,34,32,36,41,31,31,32,29,43,33,37
P29,13,10,12,17,17,11,15,16,10,12,18
P30,46,36,45,34,35,36,43,28,26,33,46
P31,7,17,6,7,9,7,11,10,13,9,4
P32,15,13,10,4,13,7,10,12,11,15,5
P33,15,12,11,17,10,18,11,16,8,6,11
P34,47,42,24,55,42,23,41,51,45,29,51
P35,34,37,26,27,49,48,36,34,28,41,41
P36,41,32,39,45,38,40,39,39,27,48,47
P37,36,39,43,42,38,37,31,26,36,29,31
P38,37,36,43,52,61,50,35,52,49,46,53
P39,31,21,28,39,53,39,25,31,43,40,41
P40,41,27,27,51,37,38,48,40,39,40,47
P41,35,27,26,43,44,38,40,38,47,48,32
P42,42,27,40,27,32,42,31,37,22,38,33
P43,28,43,40,43,54,33,39,30,38,38,56
P44,34,27,28,36,50,28,31,33,34,27,29
P45,40,29,39,34,37,23,33,26,34,41,33
P46,27,46,31,38,40,40,53,43,45,32,37
P47,40,42,27,28,33,29,33,58,37,34,37
P48,29,51,40,33,43,28,29,41,35,45,43
P49,37,28,42,38,37,35,42,36,30,48,28
P50,12,3,15,8,12,7,9,10,12,8,13
P51,19,14,17,27,14,18,18,18,14,18,19
P52,40,44,37,48,28,40,35,32,41,36,44
P53,2,5,6,8,3,1,9,6,2,5,5
P54,41,42,37,40,29,52,43,40,41,38,33
P55,34,30,42,42,29,24,36,42,42,29,42
P56,31,28,41,36,45,25,42,47,36,42,42
P57,38,26,37,43,51,39,42,27,36,45,27
P58,32,34,38,41,24,29,34,47,41,42,28
P59,5,13,10,11,10,11,10,8,9,13,11
P60,37,41,46,27,51,28,38,40,37,34,34
P61,25,30,32,47,45,50,40,35,33,33,35
P62,12,27,18,22,19,19,25,19,8,15,15
P63,37,39,54,44,30,36,48,39,40,34,50
P64,34,37,29,42,31,36,36,43,29,30,48
P65,14,10,9,10,11,9,9,7,12,5,16
P66,35,41,45,34,50,40,41,39,36,45,48
P67,36,30,38,44,47,37,38,31,47,37,42
P68,14,11,9,9,5,19,3,8,10,19,7
P69,26,43,46,39,41,31,41,35,44,26,48
P70,31,39,50,31,37,30,37,44,35,33,26
P71,7,11,10,8,10,14,12,10,11,10,12
P72,26,34,39,41,39,38,52,40,28,34,43
P73,35,30,36,46,34,29,34,41,56,33,44
P74,8,9,6,15,4,12,4,9,10,11,10
P75,34,45,37,27,40,22,28,44,38,45,52
P76,27,34,43,45,28,35,26,34,38,45,26
P77,7,7,6,2,7,5,7,4,1,6,8
P78,39,40,31,39,44,34,31,32,47,36,44
P79,37,34,45,41,37,23,41,40,41,38,37
P80,38,29,32,40,29,36,47,24,36,31,39
P81,14,6,13,5,8,13,7,5,7,4,9
P82,10,12,17,13,14,8,7,10,4,7,8
P83,46,40,34,38,36,45,48,37,63,37,30
P84,29,26,31,39,28,44,32,42,41,42,46
P85,39,34,28,38,33,37,52,28,31,27,35
P86,37,33,33,32,36,26,45,37,43,36,36
P87,30,38,35,39,37,42,40,35,40,41,34
P88,41,28,32,30,33,41,42,35,45,38,28
P89,24,26,44,31,37,37,38,30,35,49,49
P90,42,34,40,39,47,31,43,40,47,35,38
P91,10,11,7,13,5,9,16,10,9,6,6
P92,26,36,56,40,31,44,37,40,38,43,41
P93,11,9,10,13,5,11,1,11,12,9,10
P94,14,9,10,9,5,11,6,6,6,9,9
P95,12,15,15,13,17,12,9,9,11,12,13
P96,31,35,36,44,36,38,36,39,47,39,24
P97,29,37,36,40,33,29,27,49,38,43,35
P98,4,2,4,4,7,2,3,4,4,4,5
P99,16,11,9,21,9,5,12,15,11,9,7
P100,13,6,7,9,9,15,13,6,7,10,9
P101,26,51,45,47,40,36,38,28,38,45,52
P102,34,41,22,32,36,27,44,33,22,38,33
P103,7,5,7,7,14,9,10,6,12,13,8
P104,4,4,5,5,3,7,5,6,5,7,10
P105,2,3,3,2,5,4,5,7,5,3,8
P106,11,10,11,16,16,7,11,6,16,15,12
P107,19,19,15,24,16,23,27,20,19,17,18
P108,0,2,2,0,3,1,2,1,6,3,0
P109,9,8,8,5,13,9,13,7,9,14,3
P110,9,12,12,6,15,10,9,10,10,9,13
P111,5,4,7,4,4,5,4,4,2,6,3
P112,31,36,32,51,39,33,35,46,57,34,39
P113,22,26,31,37,32,25,28,33,40,27,38
P114,7,6,7,8,10,12,7,10,11,14,10
P115,9,9,12,13,14,13,10,6,10,11,16
P116,13,7,8,8,7,12,9,11,11,9,7
P117,6,2,3,3,3,2,5,2,4,4,3
P118,16,13,10,10,16,15,9,5,13,13,8
P119,30,40,46,33,28,41,34,33,44,49,37
P120,37,35,27,30,31,42,30,37,37,39,32
P121,7,10,8,10,11,10,9,9,11,7,14
P122,7,10,7,8,11,2,9,7,12,17,8
P123,5,5,3,6,4,6,4,7,4,2,4
P124,4,6,0,7,4,3,5,4,2,7,11
P125,6,9,5,10,6,9,10,8,15,14,15
P126,3,8,8,3,5,3,6,3,5,6,6
P127,4,0,2,2,2,1,3,2,1,3,1
P128,36,43,28,39,41,37,41,45,43,40,46
P129,21,36,44,47,26,33,30,27,37,34,41
P130,19,53,43,41,39,46,45,31,50,46,39
P131,29,32,32,35,49,38,34,43,39,31,45
P132,39,36,45,41,43,37,38,39,32,45,48
P133,30,48,29,38,40,42,47,42,33,38,47
P134,32,41,50,35,36,35,41,33,32,34,38
P135,38,32,36,37,42,33,56,37,39,31,43
P136,39,37,39,52,38,28,51,39,42,37,35
P137,37,41,43,41,40,47,54,30,43,40,33
P138,36,44,22,35,34,34,38,34,26,36,33
P139,32,36,32,38,47,31,48,27,41,36,31
P140,28,36,41,46,34,38,38,28,34,27,28
P141,27,45,40,34,31,35,37,40,40,37,34
P142,23,29,40,43,34,30,42,43,35,35,43
P143,31,35,29,42,31,35,28,41,49,41,36
P144,9,13,17,12,8,21,12,9,6,5,6
P145,10,12,9,9,12,6,9,12,13,7,12
P146,7,13,9,13,10,12,11,6,11,11,10
P147,10,4,9,9,15,7,10,14,10,9,12
P148,3,2,8,3,5,7,1,5,3,5,3
P149,11,9,9,6,13,8,11,14,14,11,9
P150,4,3,3,4,6,2,3,5,4,3,4
P151,3,7,8,8,6,8,2,12,1,3,8
P152,11,10,8,8,13,4,10,10,6,12,16
P153,22,9,11,10,10,5,9,13,17,14,10
P154,12,14,11,6,8,7,16,4,11,5,8
P155,5,7,4,3,4,3,2,4,3,5,2
P156,1,4,6,6,3,8,2,3,4,6,3
P157,12,8,14,7,8,10,11,14,15,8,9
P158,8,3,3,2,3,3,4,5,2,7,7
P159,2,2,9,5,2,7,4,4,5,7,2
P160,9,8,10,13,14,10,15,9,6,6,7
P161,5,6,5,7,1,3,6,6,2,9,4
P162,13,9,12,9,11,11,9,11,9,9,18
P163,6,5,6,6,7,5,5,5,1,3,1
P164,9,5,8,9,14,10,8,11,8,7,8
P165,9,13,9,16,12,9,13,14,6,16,10
P166,7,10,9,11,5,8,15,14,9,7,16
P167,33,45,42,41,32,45,43,45,45,36,48
P168,34,29,34,59,27,39,34,49,35,45,39
P169,38,31,22,43,29,25,46,32,38,39,32
P170,29,37,32,43,30,27,28,22,37,42,32
P171,6,7,13,6,4,12,11,9,13,13,14
P172,32,48,44,40,31,40,30,45,40,29,45
P173,34,25,42,47,37,40,30,44,37,38,41
P174,37,42,30,43,48,44,47,27,43,41,34
P175,30,40,48,28,30,34,40,53,43,37,29
P176,38,44,41,26,28,36,29,38,45,32,45
P177,25,38,37,48,34,40,30,29,39,40,36
P178,35,34,40,36,45,37,43,47,34,39,33
P179,44,43,35,36,39,42,31,44,37,38,33
P180,40,38,34,43,43,34,41,31,55,34,51
P181,32,44,31,38,37,36,30,42,49,46,26
P182,42,28,34,28,26,35,29,36,44,37,47
P183,25,37,42,50,18,32,38,37,33,30,37
P184,30,37,38,30,32,32,52,33,47,44,38
P185,32,28,36,40,40,50,43,40,38,35,43
P186,36,34,37,36,41,33,51,43,21,44,35
P187,31,38,47,36,36,27,28,19,40,38,28
P188,33,34,36,52,42,49,39,30,43,20,25
P189,32,34,46,30,39,51,28,25,30,32,38
P190,54,41,51,45,51,46,31,37,38,35,43
P191,48,36,42,35,44,39,37,45,42,40,40
P192,24,33,30,35,36,43,43,31,31,39,26
P193,36,22,32,45,35,44,39,41,33,43,49
P194,35,37,31,23,37,42,38,34,33,37,34
P195,4,4,7,5,5,3,3,7,3,5,8
P196,43,34,39,32,45,35,43,44,36,39,37
P197,6,8,8,16,8,11,9,18,10,12,12
P198,7,19,4,9,8,12,11,10,8,16,10
P199,4,1,1,6,3,7,1,4,4,5,3
P200,18,14,21,17,26,14,15,20,17,12,14
